{
"models": [
	{
    "model_name": "house42",
    "model_ID": 42,
    "info": "some random info",
    "file_link": ".\\MedHouse\\housemedieval.obj",
    "file": "string",
    "weather": "sunny",
    "time": "afternoon",
    "season": "spring",
    "texture_link": ".\\MedHouse\\HouseMed_Diff.jpg",
    "position_coords": {
      "x": -10,
      "y": 9,
      "z": -10
    },
    "rotation_coords": {
      "x": 0,
      "y": 20,
      "z": 0
    },
    "scale_coords": {
      "x": 1.4,
      "y": 1.4,
      "z": 1.4
    }
  },
  {
    "model_name": "house42",
    "model_ID": 42,
    "info": "some random info",
    "file_link": ".\\MedHouse\\housemedieval.obj",
    "file": "string",
    "weather": "sunny",
    "time": "afternoon",
    "season": "spring",
    "texture_link": ".\\MedHouse\\HouseMed_Diff.jpg",
    "position_coords": {
      "x": -20,
      "y": 9,
      "z": 20
    },
    "rotation_coords": {
      "x": 0,
      "y": 180,
      "z": 0
    },
    "scale_coords": {
      "x": 1.4,
      "y": 1.4,
      "z": 1.4
    }
  },
  {
    "model_name": "house42",
    "model_ID": 42,
    "info": "some random info",
    "file_link": ".\\MedHouse\\housemedieval.obj",
    "file": "string",
    "weather": "sunny",
    "time": "afternoon",
    "season": "spring",
    "texture_link": ".\\MedHouse\\HouseMed_Diff.jpg",
    "position_coords": {
      "x": -20,
      "y": 9,
      "z": -10
    },
    "rotation_coords": {
      "x": 0,
      "y": 20,
      "z": 0
    },
    "scale_coords": {
      "x": 1.4,
      "y": 1.4,
      "z": 1.4
    }
  },
  {
    "model_name": "house42",
    "model_ID": 42,
    "info": "some random info",
    "file_link": ".\\MedHouse\\housemedieval.obj",
    "file": "string",
    "weather": "sunny",
    "time": "afternoon",
    "season": "spring",
    "texture_link": ".\\MedHouse\\HouseMed_Diff.jpg",
    "position_coords": {
      "x": -10,
      "y": 9,
      "z": 20
    },
    "rotation_coords": {
      "x": 0,
      "y": 180,
      "z": 0
    },
    "scale_coords": {
      "x": 1.4,
      "y": 1.4,
      "z": 1.4
    }
  },
  {
    "model_name": "house42",
    "model_ID": 42,
    "info": "some random info",
    "file_link": ".\\MedHouse\\housemedieval.obj",
    "file": "string",
    "weather": "sunny",
    "time": "afternoon",
    "season": "spring",
    "texture_link": ".\\MedHouse\\HouseMed_Diff.jpg",
    "position_coords": {
      "x": 0,
      "y": 9,
      "z": 25
    },
    "rotation_coords": {
      "x": 0,
      "y": 180,
      "z": 0
    },
    "scale_coords": {
      "x": 1.4,
      "y": 1.4,
      "z": 1.4
    }
  },
  {
    "model_name": "house42",
    "model_ID": 42,
    "info": "some random info",
    "file_link": ".\\MedHouse\\housemedieval.obj",
    "file": "string",
    "weather": "sunny",
    "time": "afternoon",
    "season": "spring",
    "texture_link": ".\\MedHouse\\HouseMed_Diff.jpg",
    "position_coords": {
      "x": -30,
      "y": 9,
      "z": 10
    },
    "rotation_coords": {
      "x": 0,
      "y": 90,
      "z": 0
    },
    "scale_coords": {
      "x": 1.4,
      "y": 1.4,
      "z": 1.4
    }
  }
	]
}